Farah,Hatasuk,Farah@gmail.com,Mazher61!,Mazher61!
Ayman,Malkawi,Ayman@gmail.com,123456789A,123456789A
Admin,Admin,Admin@gmail.com,123456789A,123456789A
Farah,Sarsak,Farah@gmail.com,123456789F,123456789F
Malak,Ahmad,Malak@gmail.com,123456789M,123456789M
Toqa,Khashashneh,toqamusa@gmail.com,1234,1234
